class_id,class_name,file_name,local_path,height,width,channels,min_pixel,max_pixel,mean_pixel
0,airplane,0001.jpg,data/cifar10/images/airplane/0001.jpg,32,32,3,29,222,140.38
0,airplane,0002.jpg,data/cifar10/images/airplane/0002.jpg,32,32,3,0,255,217.69
1,automobile,0001.jpg,data/cifar10/images/automobile/0001.jpg,32,32,3,14,255,144.04
1,automobile,0002.jpg,data/cifar10/images/automobile/0002.jpg,32,32,3,11,255,165.37
2,bird,0001.jpg,data/cifar10/images/bird/0001.jpg,32,32,3,0,251,88.42
2,bird,0002.jpg,data/cifar10/images/bird/0002.jpg,32,32,3,0,221,86.55
3,cat,0001.jpg,data/cifar10/images/cat/0001.jpg,32,32,3,5,255,159.63
3,cat,0002.jpg,data/cifar10/images/cat/0002.jpg,32,32,3,1,254,107.22
4,deer,0001.jpg,data/cifar10/images/deer/0001.jpg,32,32,3,0,255,96.98
4,deer,0002.jpg,data/cifar10/images/deer/0002.jpg,32,32,3,48,243,127.76
5,dog,0001.jpg,data/cifar10/images/dog/0001.jpg,32,32,3,0,255,128.04
5,dog,0002.jpg,data/cifar10/images/dog/0002.jpg,32,32,3,7,255,140.43
6,frog,0001.jpg,data/cifar10/images/frog/0001.jpg,32,32,3,0,216,98.01
6,frog,0002.jpg,data/cifar10/images/frog/0002.jpg,32,32,3,4,255,86.84
7,horse,0001.jpg,data/cifar10/images/horse/0001.jpg,32,32,3,10,241,131.06
7,horse,0002.jpg,data/cifar10/images/horse/0002.jpg,32,32,3,0,255,114.54
8,ship,0001.jpg,data/cifar10/images/ship/0001.jpg,32,32,3,0,255,132.42
8,ship,0002.jpg,data/cifar10/images/ship/0002.jpg,32,32,3,0,255,127.05
9,truck,0001.jpg,data/cifar10/images/truck/0001.jpg,32,32,3,0,255,109.47
9,truck,0002.jpg,data/cifar10/images/truck/0002.jpg,32,32,3,0,255,98.11
